-- Insertar categorías
INSERT INTO category (id, category_name) VALUES
(1, 'Electrónica'),
(2, 'Hogar'),
(3, 'Juguetes'),
(4, 'Ropa'),
(5, 'Alimentos'),
(6, 'Deportes'),
(7, 'Salud'),
(8, 'Música'),
(9, 'Automotriz'),
(10, 'Libros');

-- Insertar productos
INSERT INTO product (id, product_name, price, stock, brand) VALUES
(1, 'Smartphone', 499.99, 150, 'Samsung'),
(2, 'Laptop', 899.99, 200, 'HP'),
(3, 'Camiseta', 19.99, 500, 'Nike'),
(4, 'Silla de oficina', 79.99, 100, 'Ikea'),
(5, 'Cámara digital', 299.99, 80, 'Canon'),
(6, 'Bicicleta', 149.99, 120, 'Trek'),
(7, 'Vaso de café', 9.99, 350, 'Starbucks'),
(8, 'Pelota de fútbol', 25.99, 300, 'Adidas'),
(9, 'Monitor', 199.99, 60, 'LG'),
(10, 'Auriculares', 49.99, 250, 'Sony'),
(11, 'Teclado mecánico', 89.99, 200, 'Corsair'),
(12, 'Reloj de pulsera', 129.99, 150, 'Rolex'),
(13, 'Escalera plegable', 59.99, 90, 'Keter'),
(14, 'Lámpara LED', 29.99, 400, 'Philips'),
(15, 'Batería portátil', 39.99, 150, 'Anker'),
(16, 'Parlante Bluetooth', 69.99, 130, 'JBL'),
(17, 'Tenedor de jardín', 12.99, 80, 'Gardena'),
(18, 'Sofa cama', 499.99, 60, 'Ashley'),
(19, 'Cargador inalámbrico', 25.99, 200, 'Samsung'),
(20, 'Cámara de seguridad', 129.99, 50, 'Nest'),
(21, 'Cartera de cuero', 39.99, 400, 'Gucci'),
(22, 'Sandalias', 24.99, 220, 'Adidas'),
(23, 'Monitor curvo', 249.99, 70, 'Samsung'),
(24, 'AirPods', 159.99, 300, 'Apple'),
(25, 'Zapatillas deportivas', 69.99, 150, 'Puma'),
(26, 'Cafetera', 99.99, 180, 'Nespresso'),
(27, 'Carro eléctrico', 799.99, 50, 'Tesla'),
(28, 'Smartwatch', 159.99, 250, 'Garmin'),
(29, 'Mochila', 29.99, 500, 'Eastpak'),
(30, 'Ropa de cama', 49.99, 300, 'Home Collection'),
(31, 'Termo de acero', 15.99, 450, 'Contigo'),
(32, 'Cuchillos de cocina', 59.99, 180, 'Zwilling'),
(33, 'Portátil gamer', 1299.99, 70, 'Alienware'),
(34, 'Patinete eléctrico', 199.99, 50, 'Xiaomi'),
(35, 'Guitarra eléctrica', 199.99, 40, 'Fender'),
(36, 'Maleta de viaje', 89.99, 250, 'Samsonite'),
(37, 'Lentes de sol', 59.99, 150, 'Ray-Ban'),
(38, 'Manta eléctrica', 39.99, 120, 'Sunbeam'),
(39, 'Cámara GoPro', 399.99, 60, 'GoPro'),
(40, 'Taza personalizada', 10.99, 350, 'Disney'),
(41, 'Batería externa', 49.99, 200, 'Anker'),
(42, 'Lentes de contacto', 29.99, 250, 'Acuvue'),
(43, 'Alfombra', 79.99, 100, 'Ikea'),
(44, 'Bolso de mano', 49.99, 120, 'Louis Vuitton'),
(45, 'Patines en línea', 79.99, 70, 'K2'),
(46, 'Aspiradora', 149.99, 80, 'Dyson'),
(47, 'Silla de comedor', 59.99, 150, 'Ikea'),
(48, 'Espejo de cuerpo entero', 39.99, 130, 'Ikea'),
(49, 'Purificador de aire', 119.99, 200, 'Dyson'),
(50, 'Silla reclinable', 199.99, 60, 'Lazy Boy');

-- Insertar relaciones de productos con categorías
INSERT INTO product_category (product_id, category_id) VALUES
(1, 1),
(2, 1),
(3, 4),
(4, 2),
(5, 1),
(6, 6),
(7, 2),
(8, 6),
(8, 3),
(9, 1),
(9, 2),
(10, 1),
(10, 8),
(11, 1),
(12, 4),
(13, 2),
(14, 2),
(15, 1),
(16, 1),
(16, 2),
(17, 6),
(18, 2),
(19, 1),
(20, 1),
(21, 4),
(22, 4),
(23, 1),
(23, 2),
(24, 1),
(24, 8),
(25, 4),
(25, 6),
(26, 2),
(27, 1),
(28, 1),
(29, 4),
(30, 2),
(31, 2),
(32, 2),
(33, 1),
(34, 6),
(35, 8),
(36, 2),
(37, 4),
(38, 2),
(39, 1),
(40, 2),
(41, 1),
(42, 7),
(43, 2),
(44, 4),
(45, 6),
(46, 2),
(47, 2),
(48, 2),
(49, 2),
(50, 2);
